SET @CGUID := 11748;
DELETE FROM `creature` WHERE `guid` BETWEEN @CGUID+0 AND @CGUID+213;
INSERT INTO `creature` (`guid`, `id`, `map`, `zoneId`, `areaId`, `spawnMask`, `PhaseId`, `PhaseGroup`, `modelid`, `equipment_id`, `position_x`, `position_y`, `position_z`, `orientation`, `spawntimesecs`, `spawndist`, `currentwaypoint`, `curhealth`, `curmana`, `MovementType`, `npcflag`, `unit_flags`, `dynamicflags`, `VerifiedBuild`) VALUES
(@CGUID+0, 53488, 967, 0, 0, 248, 0, 0, 0, 0, 13622.2, 13600, 123.567, 0, 7200, 0, 0, 1, 0, 0, 0, 0, 0, 0),
(@CGUID+1, 53488, 967, 0, 0, 248, 0, 0, 0, 0, 13622.2, 13621.7, 123.567, 0, 7200, 0, 0, 1, 0, 0, 0, 0, 0, 0),
(@CGUID+2, 57807, 967, 0, 0, 248, 0, 0, 0, 0, 13550.4, 13617.8, 123.533, 0.262867, 7200, 0, 0, 1, 0, 0, 0, 0, 0, 0),
(@CGUID+3, 57807, 967, 0, 0, 248, 0, 0, 0, 0, 13550.2, 13609, 123.523, 5.90415, 7200, 0, 0, 1, 0, 0, 0, 0, 0, 0),
(@CGUID+4, 57817, 967, 0, 0, 248, 0, 0, 0, 0, 13551.3, 13611.7, 123.544, 5.97218, 7200, 0, 0, 1, 0, 0, 0, 0, 0, 0),
(@CGUID+5, 57817, 967, 0, 0, 248, 0, 0, 0, 0, 13551, 13615, 123.494, 0.249022, 7200, 0, 0, 1, 0, 0, 0, 0, 0, 0),
(@CGUID+6, 57809, 967, 0, 0, 248, 0, 0, 0, 0, 13546.8, 13612.8, 123.567, 3.14159, 7200, 0, 0, 1, 0, 0, 0, 0, 0, 0),
(@CGUID+7, 57929, 967, 0, 0, 248, 0, 0, 0, 0, 13587.3, 13611.8, 122.503, 0, 7200, 0, 0, 1, 0, 0, 0, 0, 0, 0),
(@CGUID+8, 57817, 967, 0, 0, 248, 0, 0, 0, 0, 13591, 13652.6, 123.567, 4.73753, 7200, 0, 0, 1, 0, 0, 0, 0, 0, 0),
(@CGUID+9, 57823, 967, 0, 0, 248, 0, 0, 0, 0, 13587.5, 13570.4, 123.567, 1.58044, 7200, 0, 0, 1, 0, 0, 0, 0, 0, 0),
(@CGUID+10, 57817, 967, 0, 0, 248, 0, 0, 0, 0, 13584.2, 13570.1, 123.567, 1.65977, 7200, 0, 0, 1, 0, 0, 0, 0, 0, 0),
(@CGUID+11, 57823, 967, 0, 0, 248, 0, 0, 0, 0, 13588, 13652.7, 123.567, 4.68003, 7200, 0, 0, 1, 0, 0, 0, 0, 0, 0),
(@CGUID+12, 57809, 967, 0, 0, 248, 0, 0, 0, 0, 13588, 13652.6, 123.567, 4.74729, 7200, 0, 0, 1, 0, 0, 0, 0, 0, 0),
(@CGUID+13, 57809, 967, 0, 0, 248, 0, 0, 0, 0, 13587.4, 13570.3, 123.567, 1.6057, 7200, 0, 0, 1, 0, 0, 0, 0, 0, 0),
(@CGUID+14, 57807, 967, 0, 0, 248, 0, 0, 0, 0, 13590.3, 13570.5, 123.567, 1.34004, 7200, 0, 0, 1, 0, 0, 0, 0, 0, 0),
(@CGUID+15, 57807, 967, 0, 0, 248, 0, 0, 0, 0, 13585, 13652.7, 123.567, 4.69035, 7200, 0, 0, 1, 0, 0, 0, 0, 0, 0),
(@CGUID+16, 57823, 967, 0, 0, 248, 0, 0, 0, 0, 13557.9, 13581.2, 123.567, 0.785398, 7200, 0, 0, 1, 0, 0, 0, 0, 0, 0),
(@CGUID+17, 57819, 967, 0, 0, 248, 0, 0, 0, 0, 13560.2, 13583.3, 123.567, 0.820305, 7200, 0, 0, 1, 0, 0, 0, 0, 0, 0),
(@CGUID+18, 57809, 967, 0, 0, 248, 0, 0, 0, 0, 13557.4, 13642.4, 123.567, 5.44543, 7200, 0, 0, 1, 0, 0, 0, 0, 0, 0),
(@CGUID+19, 57809, 967, 0, 0, 248, 0, 0, 0, 0, 13558.2, 13581.2, 123.567, 0.925025, 7200, 0, 0, 1, 0, 0, 0, 0, 0, 0),
(@CGUID+20, 57819, 967, 0, 0, 248, 0, 0, 0, 0, 13559.7, 13639.1, 123.567, 5.58505, 7200, 0, 0, 1, 0, 0, 0, 0, 0, 0),
(@CGUID+21, 57819, 967, 0, 0, 248, 0, 0, 0, 0, 13561.1, 13641.9, 123.567, 5.58505, 7200, 0, 0, 1, 0, 0, 0, 0, 0, 0),
(@CGUID+22, 57819, 967, 0, 0, 248, 0, 0, 0, 0, 13557.7, 13583.5, 123.567, 0.820305, 7200, 0, 0, 1, 0, 0, 0, 0, 0, 0),
(@CGUID+23, 57819, 967, 0, 0, 248, 0, 0, 0, 0, 13562.1, 13584.4, 123.567, 0.820305, 7200, 0, 0, 1, 0, 0, 0, 0, 0, 0),
(@CGUID+24, 57819, 967, 0, 0, 248, 0, 0, 0, 0, 13561.9, 13581.3, 123.567, 0.820305, 7200, 0, 0, 1, 0, 0, 0, 0, 0, 0),
(@CGUID+25, 57823, 967, 0, 0, 248, 0, 0, 0, 0, 13556.9, 13643.5, 123.567, 5.55015, 7200, 0, 0, 1, 0, 0, 0, 0, 0, 0),
(@CGUID+26, 57819, 967, 0, 0, 248, 0, 0, 0, 0, 13559.2, 13585.8, 123.567, 0.820305, 7200, 0, 0, 1, 0, 0, 0, 0, 0, 0),
(@CGUID+27, 57819, 967, 0, 0, 248, 0, 0, 0, 0, 13557.4, 13639.7, 123.567, 5.58505, 7200, 0, 0, 1, 0, 0, 0, 0, 0, 0),
(@CGUID+28, 57819, 967, 0, 0, 248, 0, 0, 0, 0, 13560.8, 13644.2, 123.567, 5.58505, 7200, 0, 0, 1, 0, 0, 0, 0, 0, 0),
(@CGUID+29, 57819, 967, 0, 0, 248, 0, 0, 0, 0, 13558, 13642.3, 123.567, 5.58505, 7200, 0, 0, 1, 0, 0, 0, 0, 0, 0),
(@CGUID+30, 57819, 967, 0, 0, 248, 0, 0, 0, 0, 13570.5, 13602.9, 122.503, 5.13127, 7200, 0, 0, 1, 0, 0, 0, 0, 0, 0),
(@CGUID+31, 57819, 967, 0, 0, 248, 0, 0, 0, 0, 13567.2, 13606.2, 122.503, 4.01426, 7200, 0, 0, 1, 0, 0, 0, 0, 0, 0),
(@CGUID+32, 57819, 967, 0, 0, 248, 0, 0, 0, 0, 13566.2, 13614.1, 122.503, 3.38594, 7200, 0, 0, 1, 0, 0, 0, 0, 0, 0),
(@CGUID+33, 57819, 967, 0, 0, 248, 0, 0, 0, 0, 13570, 13608.2, 122.503, 2.32129, 7200, 0, 0, 1, 0, 0, 0, 0, 0, 0),
(@CGUID+34, 57819, 967, 0, 0, 248, 0, 0, 0, 0, 13569.3, 13616.1, 122.503, 1.69297, 7200, 0, 0, 1, 0, 0, 0, 0, 0, 0),
(@CGUID+35, 57819, 967, 0, 0, 248, 0, 0, 0, 0, 13569.7, 13612.2, 122.503, 5.84685, 7200, 0, 0, 1, 0, 0, 0, 0, 0, 0),
(@CGUID+36, 57819, 967, 0, 0, 248, 0, 0, 0, 0, 13566.5, 13609.9, 122.503, 3.08923, 7200, 0, 0, 1, 0, 0, 0, 0, 0, 0),
(@CGUID+37, 57819, 967, 0, 0, 248, 0, 0, 0, 0, 13572.9, 13605.8, 122.503, 5.68977, 7200, 0, 0, 1, 0, 0, 0, 0, 0, 0),
(@CGUID+38, 57819, 967, 0, 0, 248, 0, 0, 0, 0, 13573.8, 13610.6, 122.503, 0.0872665, 7200, 0, 0, 1, 0, 0, 0, 0, 0, 0),
(@CGUID+39, 57819, 967, 0, 0, 248, 0, 0, 0, 0, 13573, 13615.2, 122.503, 0.942478, 7200, 0, 0, 1, 0, 0, 0, 0, 0, 0),
(@CGUID+40, 57821, 967, 0, 0, 248, 0, 0, 0, 0, 13570.5, 13612.2, 122.49, 6.24444, 7200, 0, 0, 1, 0, 0, 0, 0, 0, 0),
(@CGUID+41, 57809, 967, 0, 0, 248, 0, 0, 0, 0, 13569.3, 13612.1, 122.503, 3.08923, 7200, 0, 0, 1, 0, 0, 0, 0, 0, 0),
(@CGUID+42, 57924, 967, 0, 0, 248, 0, 0, 0, 0, 13550, 13613.2, 133.127, 0, 7200, 0, 0, 1, 0, 0, 0, 0, 0, 0),
(@CGUID+43, 57379, 967, 0, 0, 248, 0, 0, 0, 0, 13634.4, 13612.1, 126.637, 3.14159, 7200, 0, 0, 1, 0, 0, 0, 0, 0, 0),
(@CGUID+44, 56165, 967, 0, 0, 248, 0, 0, 0, 0, 13624.8, 13576.4, 124.564, 2.28638, 7200, 0, 0, 1, 0, 0, 0, 0, 0, 0),
(@CGUID+45, 56165, 967, 0, 0, 248, 0, 0, 0, 0, 13553.4, 13573.1, 124.564, 0.802851, 7200, 0, 0, 1, 0, 0, 0, 0, 0, 0),
(@CGUID+46, 56165, 967, 0, 0, 248, 0, 0, 0, 0, 13623.6, 13647.7, 124.564, 3.94444, 7200, 0, 0, 1, 0, 0, 0, 0, 0, 0),
(@CGUID+47, 56165, 967, 0, 0, 248, 0, 0, 0, 0, 13553.9, 13650.5, 124.564, 5.46288, 7200, 0, 0, 1, 0, 0, 0, 0, 0, 0),
(@CGUID+48, 56307, 967, 0, 0, 248, 0, 0, 0, 0, -12111.4, 12169.9, -2.65092, 5.68977, 7200, 0, 0, 1, 0, 0, 0, 0, 0, 0),
(@CGUID+49, 56307, 967, 0, 0, 248, 0, 0, 0, 0, -12139.4, 12080.6, 2.39029, 5.79449, 7200, 0, 0, 1, 0, 0, 0, 0, 0, 0),
(@CGUID+50, 56307, 967, 0, 0, 248, 0, 0, 0, 0, -12040.3, 12232.5, -6.0689, 5.51524, 7200, 0, 0, 1, 0, 0, 0, 0, 0, 0),
(@CGUID+51, 56307, 967, 0, 0, 248, 0, 0, 0, 0, -11960.5, 12288.5, 1.38396, 4.92183, 7200, 0, 0, 1, 0, 0, 0, 0, 0, 0),
(@CGUID+52, 56642, 967, 0, 0, 248, 0, 0, 0, 0, -11691.9, 12003.7, 12.1688, 0, 7200, 0, 0, 1, 0, 0, 0, 0, 0, 0),
(@CGUID+53, 56642, 967, 0, 0, 248, 0, 0, 0, 0, -11691.9, 12003.7, 12.1688, 0, 7200, 0, 0, 1, 0, 0, 0, 0, 0, 0),
(@CGUID+54, 56642, 967, 0, 0, 248, 0, 0, 0, 0, -11902.5, 12187.9, -36.5867, 0, 7200, 0, 0, 1, 0, 0, 0, 0, 0, 0),
(@CGUID+55, 56642, 967, 0, 0, 248, 0, 0, 0, 0, -11902.5, 12187.9, -36.5867, 0, 7200, 0, 0, 1, 0, 0, 0, 0, 0, 0),
(@CGUID+56, 56642, 967, 0, 0, 248, 0, 0, 0, 0, -11903.4, 12283.8, 49.897, 0, 7200, 0, 0, 1, 0, 0, 0, 0, 0, 0),
(@CGUID+57, 56642, 967, 0, 0, 248, 0, 0, 0, 0, -11903.4, 12283.8, 49.897, 0, 7200, 0, 0, 1, 0, 0, 0, 0, 0, 0),
(@CGUID+58, 56642, 967, 0, 0, 248, 0, 0, 0, 0, -11923.4, 12298.3, 1.38396, 0, 7200, 0, 0, 1, 0, 0, 0, 0, 0, 0),
(@CGUID+59, 56642, 967, 0, 0, 248, 0, 0, 0, 0, -11923.4, 12298.3, 1.38396, 0, 7200, 0, 0, 1, 0, 0, 0, 0, 0, 0),
(@CGUID+60, 56519, 967, 0, 0, 248, 0, 0, 0, 0, -11929.2, 12297.8, -2.25274, 4.38078, 7200, 0, 0, 1, 0, 0, 0, 0, 0, 0),
(@CGUID+61, 53488, 967, 0, 0, 248, 0, 0, 0, 0, -11950.2, 12250.5, 1.38396, 0, 7200, 0, 0, 1, 0, 0, 0, 0, 0, 0),
(@CGUID+62, 56099, 967, 0, 0, 248, 0, 0, 0, 0, -11957.3, 12338.3, 38.9364, 5.06145, 7200, 0, 0, 1, 0, 0, 0, 0, 0, 0),
(@CGUID+63, 53488, 967, 0, 0, 248, 0, 0, 0, 0, -11958, 12265, 1.38396, 0, 7200, 0, 0, 1, 0, 0, 0, 0, 0, 0),
(@CGUID+64, 53488, 967, 0, 0, 248, 0, 0, 0, 0, -11960.3, 12283.8, 1.38396, 0, 7200, 0, 0, 1, 0, 0, 0, 0, 0, 0),
(@CGUID+65, 56642, 967, 0, 0, 248, 0, 0, 0, 0, -11964.7, 12212.8, -26.1026, 0, 7200, 0, 0, 1, 0, 0, 0, 0, 0, 0),
(@CGUID+66, 56642, 967, 0, 0, 248, 0, 0, 0, 0, -11964.7, 12212.8, -26.1026, 0, 7200, 0, 0, 1, 0, 0, 0, 0, 0, 0),
(@CGUID+67, 56642, 967, 0, 0, 248, 0, 0, 0, 0, -11969.6, 12428.7, -9.83081, 0, 7200, 0, 0, 1, 0, 0, 0, 0, 0, 0),
(@CGUID+68, 56642, 967, 0, 0, 248, 0, 0, 0, 0, -11969.6, 12428.7, -9.83081, 0, 7200, 0, 0, 1, 0, 0, 0, 0, 0, 0),
(@CGUID+69, 56699, 967, 0, 0, 248, 0, 0, 0, 0, -11972.8, 12272.8, 1.38396, 4.01426, 7200, 0, 0, 1, 0, 0, 0, 0, 0, 0),
(@CGUID+70, 56519, 967, 0, 0, 248, 0, 0, 0, 0, -11993.3, 12286.3, -2.66448, 5.91667, 7200, 0, 0, 1, 0, 0, 0, 0, 0, 0),
(@CGUID+71, 56642, 967, 0, 0, 248, 0, 0, 0, 0, -12020.5, 12299.7, -27.8903, 0, 7200, 0, 0, 1, 0, 0, 0, 0, 0, 0),
(@CGUID+72, 56642, 967, 0, 0, 248, 0, 0, 0, 0, -12020.5, 12299.7, -27.8903, 0, 7200, 0, 0, 1, 0, 0, 0, 0, 0, 0),
(@CGUID+73, 53488, 967, 0, 0, 248, 0, 0, 0, 0, -12020.9, 12210.8, -6.0689, 0, 7200, 0, 0, 1, 0, 0, 0, 0, 0, 0),
(@CGUID+74, 56699, 967, 0, 0, 248, 0, 0, 0, 0, -12023, 12228.5, -6.0689, 1.0821, 7200, 0, 0, 1, 0, 0, 0, 0, 0, 0),
(@CGUID+75, 56519, 967, 0, 0, 248, 0, 0, 0, 0, -12028.8, 12265.6, -6.3548, 4.13643, 7200, 0, 0, 1, 0, 0, 0, 0, 0, 0),
(@CGUID+76, 53488, 967, 0, 0, 248, 0, 0, 0, 0, -12031.4, 12221.1, -6.0689, 0, 7200, 0, 0, 1, 0, 0, 0, 0, 0, 0),
(@CGUID+77, 56642, 967, 0, 0, 248, 0, 0, 0, 0, -12032.6, 12175.5, -5.71428, 0, 7200, 0, 0, 1, 0, 0, 0, 0, 0, 0),
(@CGUID+78, 56642, 967, 0, 0, 248, 0, 0, 0, 0, -12032.6, 12175.5, -5.71428, 0, 7200, 0, 0, 1, 0, 0, 0, 0, 0, 0),
(@CGUID+79, 56642, 967, 0, 0, 248, 0, 0, 0, 0, -12038, 12099.3, -32.4914, 0.139626, 7200, 0, 0, 1, 0, 0, 0, 0, 0, 0),
(@CGUID+80, 56642, 967, 0, 0, 248, 0, 0, 0, 0, -12038, 12099.3, -32.4914, 0.139626, 7200, 0, 0, 1, 0, 0, 0, 0, 0, 0),
(@CGUID+81, 53488, 967, 0, 0, 248, 0, 0, 0, 0, -12046.9, 12234.8, -6.0689, 0, 7200, 0, 0, 1, 0, 0, 0, 0, 0, 0),
(@CGUID+82, 56699, 967, 0, 0, 248, 0, 0, 0, 0, -12047.9, 12213.9, -5.94278, 4.7822, 7200, 0, 0, 1, 0, 0, 0, 0, 0, 0),
(@CGUID+83, 58211, 967, 0, 0, 248, 0, 0, 0, 0, -12066.1, 12150.4, -2.65091, 3.05433, 300, 0, 0, 4913, 4454, 0, 0, 0, 0, 0),
(@CGUID+84, 58232, 967, 0, 0, 248, 0, 0, 0, 0, -12067.7, 12146.4, -2.65091, 3.05433, 300, 0, 0, 10, 47350, 0, 0, 0, 0, 0),
(@CGUID+85, 56642, 967, 0, 0, 248, 0, 0, 0, 0, -12067.8, 12040.9, -29.8254, 0, 7200, 0, 0, 1, 0, 0, 0, 0, 0, 0),
(@CGUID+86, 56642, 967, 0, 0, 248, 0, 0, 0, 0, -12067.8, 12040.9, -29.8254, 0, 7200, 0, 0, 1, 0, 0, 0, 0, 0, 0),
(@CGUID+87, 58210, 967, 0, 0, 248, 0, 0, 0, 0, -12069.2, 12159.9, -2.65091, 5.23599, 300, 0, 0, 491300, 445400, 0, 0, 0, 0, 0),
(@CGUID+88, 56642, 967, 0, 0, 248, 0, 0, 0, 0, -12070.2, 12020.4, -53.1772, 0, 7200, 0, 0, 1, 0, 0, 0, 0, 0, 0),
(@CGUID+89, 56642, 967, 0, 0, 248, 0, 0, 0, 0, -12070.2, 12020.4, -53.1772, 0, 7200, 0, 0, 1, 0, 0, 0, 0, 0, 0),
(@CGUID+90, 56642, 967, 0, 0, 248, 0, 0, 0, 0, -12071.4, 12491.1, -10.6945, 0, 7200, 0, 0, 1, 0, 0, 0, 0, 0, 0),
(@CGUID+91, 56642, 967, 0, 0, 248, 0, 0, 0, 0, -12071.4, 12491.1, -10.6945, 0, 7200, 0, 0, 1, 0, 0, 0, 0, 0, 0),
(@CGUID+92, 58209, 967, 0, 0, 248, 0, 0, 0, 0, -12073.8, 12156.6, -2.65091, 5.55015, 300, 0, 0, 491300, 445400, 0, 0, 0, 0, 0),
(@CGUID+93, 56103, 967, 0, 0, 248, 0, 0, 0, 0, -12074.3, 12159.5, -2.65091, 2.84489, 7200, 0, 0, 1, 0, 0, 0, 0, 0, 0),
(@CGUID+94, 58207, 967, 0, 0, 248, 0, 0, 0, 0, -12077.3, 12152.3, -2.65092, 6.00393, 300, 0, 0, 491300, 445400, 0, 0, 0, 0, 0),
(@CGUID+95, 58208, 967, 0, 0, 248, 0, 0, 0, 0, -12078.4, 12147.5, -2.65092, 0.174533, 300, 0, 0, 491300, 445400, 0, 0, 0, 0, 0),
(@CGUID+96, 56642, 967, 0, 0, 248, 0, 0, 0, 0, -12079, 12206.2, -20.6085, 0, 7200, 0, 0, 1, 0, 0, 0, 0, 0, 0),
(@CGUID+97, 56642, 967, 0, 0, 248, 0, 0, 0, 0, -12079, 12206.2, -20.6085, 0, 7200, 0, 0, 1, 0, 0, 0, 0, 0, 0),
(@CGUID+98, 53488, 967, 0, 0, 248, 0, 0, 0, 0, -12079.9, 12150.8, -2.65092, 0, 7200, 0, 0, 1, 0, 0, 0, 0, 0, 0),
(@CGUID+99, 56519, 967, 0, 0, 248, 0, 0, 0, 0, -12082.4, 12227.6, -7.63099, 0.331613, 7200, 0, 0, 1, 0, 0, 0, 0, 0, 0),
(@CGUID+100, 56699, 967, 0, 0, 248, 0, 0, 0, 0, -12087.5, 12165.7, -2.65091, 1.0821, 7200, 0, 0, 1, 0, 0, 0, 0, 0, 0),
(@CGUID+101, 56102, 967, 0, 0, 248, 0, 0, 0, 0, -12093.8, 12312, 43.228, 5.42797, 7200, 0, 0, 1, 0, 0, 0, 0, 0, 0),
(@CGUID+102, 53488, 967, 0, 0, 248, 0, 0, 0, 0, -12098.6, 12160.6, -2.65092, 0, 7200, 0, 0, 1, 0, 0, 0, 0, 0, 0),
(@CGUID+103, 56699, 967, 0, 0, 248, 0, 0, 0, 0, -12099.6, 12152.8, -2.65092, 1.0821, 7200, 0, 0, 1, 0, 0, 0, 0, 0, 0),
(@CGUID+104, 53488, 967, 0, 0, 248, 0, 0, 0, 0, -12100.4, 12072.4, 2.39029, 0, 7200, 0, 0, 1, 0, 0, 0, 0, 0, 0),
(@CGUID+105, 56519, 967, 0, 0, 248, 0, 0, 0, 0, -12107.4, 12201.9, -5.40731, 5.16617, 7200, 0, 0, 1, 0, 0, 0, 0, 0, 0),
(@CGUID+106, 53488, 967, 0, 0, 248, 0, 0, 0, 0, -12116.9, 12170.9, -2.65091, 0, 7200, 0, 0, 1, 0, 0, 0, 0, 0, 0),
(@CGUID+107, 56699, 967, 0, 0, 248, 0, 0, 0, 0, -12118.4, 12084.9, 2.39029, 1.0821, 7200, 0, 0, 1, 0, 0, 0, 0, 0, 0),
(@CGUID+108, 53488, 967, 0, 0, 248, 0, 0, 0, 0, -12119.1, 12074.4, 2.39029, 0, 7200, 0, 0, 1, 0, 0, 0, 0, 0, 0),
(@CGUID+109, 56642, 967, 0, 0, 248, 0, 0, 0, 0, -12120.6, 12133.4, -19.5708, 0, 7200, 0, 0, 1, 0, 0, 0, 0, 0, 0),
(@CGUID+110, 56642, 967, 0, 0, 248, 0, 0, 0, 0, -12120.6, 12133.4, -19.5708, 0, 7200, 0, 0, 1, 0, 0, 0, 0, 0, 0),
(@CGUID+111, 57882, 967, 0, 0, 248, 0, 0, 0, 0, -12128.2, 12181.2, 0.317583, 5.58505, 7200, 0, 0, 1, 0, 0, 0, 0, 0, 0),
(@CGUID+112, 57378, 967, 0, 0, 248, 0, 0, 0, 0, -12132.6, 12172.9, 0.317583, 5.77704, 7200, 0, 0, 1, 0, 0, 0, 0, 0, 0),
(@CGUID+113, 56519, 967, 0, 0, 248, 0, 0, 0, 0, -12139.7, 12166, -6.67281, 6.0912, 7200, 0, 0, 1, 0, 0, 0, 0, 0, 0),
(@CGUID+114, 53488, 967, 0, 0, 248, 0, 0, 0, 0, -12140.5, 12082.7, 2.39029, 0, 7200, 0, 0, 1, 0, 0, 0, 0, 0, 0),
(@CGUID+115, 56100, 967, 0, 0, 248, 0, 0, 0, 0, -12157.4, 12212.5, 36.0152, 5.75959, 7200, 0, 0, 1, 0, 0, 0, 0, 0, 0),
(@CGUID+116, 56642, 967, 0, 0, 248, 0, 0, 0, 0, -12158.2, 12049, -26.8812, 0, 7200, 0, 0, 1, 0, 0, 0, 0, 0, 0),
(@CGUID+117, 56642, 967, 0, 0, 248, 0, 0, 0, 0, -12158.2, 12049, -26.8812, 0, 7200, 0, 0, 1, 0, 0, 0, 0, 0, 0),
(@CGUID+118, 56519, 967, 0, 0, 248, 0, 0, 0, 0, -12160.9, 12057, 2.39029, 0.733038, 7200, 0, 0, 1, 0, 0, 0, 0, 0, 0),
(@CGUID+119, 56642, 967, 0, 0, 248, 0, 0, 0, 0, -12166.1, 12385.2, 2.22749, 0, 7200, 0, 0, 1, 0, 0, 0, 0, 0, 0),
(@CGUID+120, 56642, 967, 0, 0, 248, 0, 0, 0, 0, -12166.1, 12385.2, 2.22749, 0, 7200, 0, 0, 1, 0, 0, 0, 0, 0, 0),
(@CGUID+121, 56642, 967, 0, 0, 248, 0, 0, 0, 0, -12167.9, 12415.4, 25.0736, 0, 7200, 0, 0, 1, 0, 0, 0, 0, 0, 0),
(@CGUID+122, 55870, 967, 0, 0, 248, 0, 0, 0, 0, 13468.2, -12139.1, 150.899, 3.05433, 7200, 0, 0, 1, 0, 0, 0, 0, 0, 0),
(@CGUID+123, 56642, 967, 0, 0, 248, 0, 0, 0, 0, -12374.2, 12266.4, 9.70486, 0, 7200, 0, 0, 1, 0, 0, 0, 0, 0, 0),
(@CGUID+124, 56642, 967, 0, 0, 248, 0, 0, 0, 0, -12313.4, 12207.6, -10.4946, 0, 7200, 0, 0, 1, 0, 0, 0, 0, 0, 0),
(@CGUID+125, 56642, 967, 0, 0, 248, 0, 0, 0, 0, -12313.4, 12207.6, -10.4946, 0, 7200, 0, 0, 1, 0, 0, 0, 0, 0, 0),
(@CGUID+126, 56642, 967, 0, 0, 248, 0, 0, 0, 0, -12311.1, 12354.2, 38.1453, 0, 7200, 0, 0, 1, 0, 0, 0, 0, 0, 0),
(@CGUID+127, 58174, 967, 0, 0, 248, 0, 0, 0, 0, 13436.1, -12089.2, 114.188, 5.10223, 7200, 0, 0, 1, 0, 0, 0, 0, 0, 0),
(@CGUID+128, 58174, 967, 0, 0, 248, 0, 0, 0, 0, 13432.7, -12172.8, 115.762, 1.66501, 7200, 0, 0, 1, 0, 0, 0, 0, 0, 0),
(@CGUID+129, 58174, 967, 0, 0, 248, 0, 0, 0, 0, 13436.1, -12089.1, 113.789, 5.10804, 7200, 0, 0, 1, 0, 0, 0, 0, 0, 0),
(@CGUID+130, 56642, 967, 0, 0, 248, 0, 0, 0, 0, -12311.1, 12354.2, 38.1453, 0, 7200, 0, 0, 1, 0, 0, 0, 0, 0, 0),
(@CGUID+131, 56642, 967, 0, 0, 248, 0, 0, 0, 0, -12245.5, 12321.8, 1.5968, 0, 7200, 0, 0, 1, 0, 0, 0, 0, 0, 0),
(@CGUID+132, 56642, 967, 0, 0, 248, 0, 0, 0, 0, -12245.5, 12321.8, 1.5968, 0, 7200, 0, 0, 1, 0, 0, 0, 0, 0, 0),
(@CGUID+133, 58174, 967, 0, 0, 248, 0, 0, 0, 0, 13432.7, -12172.8, 115.374, 1.64973, 7200, 0, 0, 1, 0, 0, 0, 0, 0, 0),
(@CGUID+134, 58174, 967, 0, 0, 248, 0, 0, 0, 0, 13432.7, -12172.9, 114.827, 1.62387, 7200, 0, 0, 1, 0, 0, 0, 0, 0, 0),
(@CGUID+135, 56642, 967, 0, 0, 248, 0, 0, 0, 0, -12222, 12108.5, 9.21142, 0, 7200, 0, 0, 1, 0, 0, 0, 0, 0, 0),
(@CGUID+136, 56642, 967, 0, 0, 248, 0, 0, 0, 0, -12211, 12033.6, 73.0329, 0, 7200, 0, 0, 1, 0, 0, 0, 0, 0, 0),
(@CGUID+137, 58174, 967, 0, 0, 248, 0, 0, 0, 0, 13436, -12088.8, 111.685, 5.16055, 7200, 0, 0, 1, 0, 0, 0, 0, 0, 0),
(@CGUID+138, 56101, 967, 0, 0, 248, 0, 0, 0, 0, -12224.8, 12128.5, 68.96, 5.84685, 7200, 0, 0, 1, 0, 0, 0, 0, 0, 0),
(@CGUID+139, 56642, 967, 0, 0, 248, 0, 0, 0, 0, -12222, 12108.5, 9.21142, 0, 7200, 0, 0, 1, 0, 0, 0, 0, 0, 0),
(@CGUID+140, 53879, 967, 0, 0, 248, 0, 0, 0, 0, -13855, -13669.6, 265.178, 1.53589, 7200, 0, 0, 1, 0, 0, 0, 0, 0, 0),
(@CGUID+141, 56642, 967, 0, 0, 248, 0, 0, 0, 0, -12374.2, 12266.4, 9.70486, 0, 7200, 0, 0, 1, 0, 0, 0, 0, 0, 0),
(@CGUID+142, 57260, 967, 0, 0, 248, 0, 0, 0, 0, 13421.2, -12110.6, 152.131, 1.5708, 7200, 0, 0, 1, 0, 0, 0, 0, 0, 0),
(@CGUID+143, 53488, 967, 0, 0, 248, 0, 0, 0, 0, 13451.5, -12124.9, 150.924, 0, 7200, 0, 0, 1, 0, 0, 0, 0, 0, 0),
(@CGUID+144, 55091, 967, 0, 0, 248, 0, 0, 0, 0, 13449.7, -12164.7, 140.858, 0, 7200, 0, 0, 1, 0, 0, 0, 0, 0, 0),
(@CGUID+145, 57852, 967, 0, 0, 248, 0, 0, 0, 0, 13496.2, -12111.8, 163.431, 0, 7200, 0, 0, 1, 0, 0, 0, 0, 0, 0),
(@CGUID+146, 57260, 967, 0, 0, 248, 0, 0, 0, 0, 13444, -12110.7, 152.099, 1.5708, 7200, 0, 0, 1, 0, 0, 0, 0, 0, 0),
(@CGUID+147, 57852, 967, 0, 0, 248, 0, 0, 0, 0, 13492.8, -12096.2, 155.495, 0, 7200, 0, 0, 1, 0, 0, 0, 0, 0, 0),
(@CGUID+148, 57297, 967, 0, 0, 248, 0, 0, 0, 0, 13427.8, -12142.5, 150.925, 0, 7200, 0, 0, 1, 0, 0, 0, 0, 0, 0),
(@CGUID+149, 57297, 967, 0, 0, 248, 0, 0, 0, 0, 13438.6, -12128.2, 150.905, 0, 7200, 0, 0, 1, 0, 0, 0, 0, 0, 0),
(@CGUID+150, 56681, 967, 0, 0, 248, 0, 0, 0, 0, 13430.2, -12154.5, 152.083, 4.62512, 7200, 0, 0, 1, 0, 0, 0, 0, 0, 0),
(@CGUID+151, 57264, 967, 0, 0, 248, 0, 0, 0, 0, 13493.2, -12171.2, 155.418, 4.62402, 7200, 5, 0, 1, 0, 2, 0, 0, 0, 0),
(@CGUID+152, 57265, 967, 0, 0, 248, 0, 0, 0, 0, 13455.6, -12110.9, 152.14, 1.32645, 7200, 0, 0, 1, 0, 0, 0, 0, 0, 0),
(@CGUID+153, 55891, 967, 0, 0, 248, 0, 0, 0, 0, 13468.2, -12142.1, 150.897, 3.08923, 7200, 0, 0, 1, 0, 0, 0, 0, 0, 0),
(@CGUID+154, 56666, 967, 0, 0, 248, 0, 0, 0, 0, 13387.7, -12126.2, 153.902, 5.42797, 7200, 0, 0, 1, 0, 0, 0, 0, 0, 0),
(@CGUID+155, 57265, 967, 0, 0, 248, 0, 0, 0, 0, 13419.7, -12152.5, 152.172, 3.87463, 7200, 0, 0, 1, 0, 0, 0, 0, 0, 0),
(@CGUID+156, 57264, 967, 0, 0, 248, 0, 0, 0, 0, 13505.7, -12138.5, 170.561, 0, 7200, 5, 0, 1, 0, 0, 0, 0, 0, 0),
(@CGUID+157, 57852, 967, 0, 0, 248, 0, 0, 0, 0, 13366.9, -12129.9, 163.162, 0, 7200, 0, 0, 1, 0, 0, 0, 0, 0, 0),
(@CGUID+158, 56642, 967, 0, 0, 248, 0, 0, 0, 0, -12211, 12033.6, 73.0329, 0, 7200, 0, 0, 1, 0, 0, 0, 0, 0, 0),
(@CGUID+159, 56642, 967, 0, 0, 248, 0, 0, 0, 0, -12167.9, 12415.4, 25.0736, 0, 7200, 0, 0, 1, 0, 0, 0, 0, 0, 0),
(@CGUID+160, 56598, 967, 0, 0, 248, 0, 0, 0, 0, 13444.9, -12133.3, 151.21, 0, 7200, 0, 0, 1, 0, 0, 0, 0, 0, 0),
(@CGUID+161, 57852, 967, 0, 0, 248, 0, 0, 0, 0, 13471.4, -12136.9, 163.368, 0, 7200, 0, 0, 1, 0, 0, 0, 0, 0, 0),
(@CGUID+162, 57190, 967, 0, 0, 248, 0, 0, 0, 0, 13475.1, -12093.9, 139.878, 0, 7200, 0, 0, 1, 0, 0, 0, 0, 0, 0),
(@CGUID+163, 57297, 967, 0, 0, 248, 0, 0, 0, 0, 13490.3, -12107.8, 155.496, 0, 7200, 0, 0, 1, 0, 0, 0, 0, 0, 0),
(@CGUID+164, 57264, 967, 0, 0, 248, 0, 0, 0, 0, 13491.2, -12089.2, 155.497, 1.51844, 7200, 5, 0, 1, 0, 0, 0, 0, 0, 0),
(@CGUID+165, 53488, 967, 0, 0, 248, 0, 0, 0, 0, 13431.3, -12124.3, 150.934, 0, 7200, 0, 0, 1, 0, 0, 0, 0, 0, 0),
(@CGUID+166, 57852, 967, 0, 0, 248, 0, 0, 0, 0, 13488.3, -12130.1, 170.546, 0, 7200, 0, 0, 1, 0, 0, 0, 0, 0, 0),
(@CGUID+167, 57265, 967, 0, 0, 248, 0, 0, 0, 0, 13414.2, -12128.4, 150.906, 2.3911, 7200, 0, 0, 1, 0, 0, 0, 0, 0, 0),
(@CGUID+168, 57260, 967, 0, 0, 248, 0, 0, 0, 0, 13418.7, -12153.4, 152.12, 4.66003, 7200, 0, 0, 1, 0, 0, 0, 0, 0, 0),
(@CGUID+169, 57852, 967, 0, 0, 248, 0, 0, 0, 0, 13459.9, -12105.2, 155.18, 0, 7200, 0, 0, 1, 0, 0, 0, 0, 0, 0),
(@CGUID+170, 57264, 967, 0, 0, 248, 0, 0, 0, 0, 13506.1, -12133.1, 170.561, 0, 7200, 5, 0, 1, 0, 0, 0, 0, 0, 0),
(@CGUID+171, 55091, 967, 0, 0, 248, 0, 0, 0, 0, 13429.6, -12164.4, 140.658, 0, 7200, 0, 0, 1, 0, 0, 0, 0, 0, 0),
(@CGUID+172, 55091, 967, 0, 0, 248, 0, 0, 0, 0, 13438.1, -12164.7, 140.706, 0, 7200, 0, 0, 1, 0, 0, 0, 0, 0, 0),
(@CGUID+173, 57190, 967, 0, 0, 248, 0, 0, 0, 0, 13397.7, -12100.1, 142.06, 0, 7200, 0, 0, 1, 0, 0, 0, 0, 0, 0),
(@CGUID+174, 57264, 967, 0, 0, 248, 0, 0, 0, 0, 13489.2, -12105, 155.394, 1.47436, 7200, 5, 0, 1, 0, 2, 0, 0, 0, 0),
(@CGUID+175, 57882, 967, 0, 0, 248, 0, 0, 0, 0, 13496.4, -12130.4, 158.573, 3.03687, 7200, 0, 0, 1, 0, 0, 0, 0, 0, 0),
(@CGUID+176, 57264, 967, 0, 0, 248, 0, 0, 0, 0, 13486.6, -12181.1, 155.498, 4.59022, 7200, 5, 0, 1, 0, 0, 0, 0, 0, 0),
(@CGUID+177, 57297, 967, 0, 0, 248, 0, 0, 0, 0, 13454.6, -12143.7, 150.922, 0, 7200, 0, 0, 1, 0, 0, 0, 0, 0, 0),
(@CGUID+178, 56599, 967, 0, 0, 248, 0, 0, 0, 0, 13441.6, -12133.1, 151.239, 0, 7200, 0, 0, 1, 0, 0, 0, 0, 0, 0),
(@CGUID+179, 53488, 967, 0, 0, 248, 0, 0, 0, 0, 13451.1, -12142.6, 150.925, 0, 7200, 0, 0, 1, 0, 0, 0, 0, 0, 0),
(@CGUID+180, 57265, 967, 0, 0, 248, 0, 0, 0, 0, 13421.8, -12112, 151.989, 2.00374, 7200, 0, 0, 1, 0, 2, 0, 0, 0, 0),
(@CGUID+181, 57190, 967, 0, 0, 248, 0, 0, 0, 0, 13397.6, -12162.7, 142.621, 0, 7200, 0, 0, 1, 0, 0, 0, 0, 0, 0),
(@CGUID+182, 56681, 967, 0, 0, 248, 0, 0, 0, 0, 13432.3, -12110.6, 152.081, 1.5708, 7200, 0, 0, 1, 0, 0, 0, 0, 0, 0),
(@CGUID+183, 57852, 967, 0, 0, 248, 0, 0, 0, 0, 13493.6, -12160.5, 162.184, 0, 7200, 0, 0, 1, 0, 0, 0, 0, 0, 0),
(@CGUID+184, 57852, 967, 0, 0, 248, 0, 0, 0, 0, 13487.2, -12174.5, 155.494, 0, 7200, 0, 0, 1, 0, 0, 0, 0, 0, 0),
(@CGUID+185, 57260, 967, 0, 0, 248, 0, 0, 0, 0, 13441.6, -12155.3, 152.098, 4.62512, 7200, 0, 0, 1, 0, 0, 0, 0, 0, 0),
(@CGUID+186, 57266, 967, 0, 0, 248, 0, 0, 0, 0, 13393.2, -12130.7, 153.947, 3.05433, 7200, 0, 0, 1, 0, 0, 0, 0, 0, 0),
(@CGUID+187, 56630, 967, 0, 0, 248, 0, 0, 0, 0, 13397.5, -12136.5, 153.862, 2.21657, 7200, 0, 0, 1, 0, 0, 0, 0, 0, 0),
(@CGUID+188, 56664, 967, 0, 0, 248, 0, 0, 0, 0, 13397.5, -12125.7, 153.862, 3.82227, 7200, 0, 0, 1, 0, 0, 0, 0, 0, 0),
(@CGUID+189, 57920, 967, 0, 0, 248, 0, 0, 0, 0, 13461.2, -12134.1, 151.111, 0, 7200, 0, 0, 1, 0, 0, 0, 0, 0, 0),
(@CGUID+190, 57297, 967, 0, 0, 248, 0, 0, 0, 0, 13491.3, -12137.5, 170.55, 2.37365, 7200, 0, 0, 1, 0, 0, 0, 0, 0, 0),
(@CGUID+191, 57297, 967, 0, 0, 248, 0, 0, 0, 0, 13422.5, -12123.3, 150.946, 0, 7200, 0, 0, 1, 0, 0, 0, 0, 0, 0),
(@CGUID+192, 57265, 967, 0, 0, 248, 0, 0, 0, 0, 13415.5, -12135.2, 150.912, 4.53786, 7200, 0, 0, 1, 0, 0, 0, 0, 0, 0),
(@CGUID+193, 53488, 967, 0, 0, 248, 0, 0, 0, 0, 13430.4, -12140.8, 150.934, 0, 7200, 0, 0, 1, 0, 0, 0, 0, 0, 0),
(@CGUID+194, 57852, 967, 0, 0, 248, 0, 0, 0, 0, 13494.4, -12156.2, 155.496, 0, 7200, 0, 0, 1, 0, 0, 0, 0, 0, 0),
(@CGUID+195, 57190, 967, 0, 0, 248, 0, 0, 0, 0, 13472.7, -12173.8, 139.096, 0, 7200, 0, 0, 1, 0, 0, 0, 0, 0, 0),
(@CGUID+196, 56665, 967, 0, 0, 248, 0, 0, 0, 0, 13387.7, -12134.8, 153.894, 0.628318, 7200, 0, 0, 1, 0, 0, 0, 0, 0, 0),
(@CGUID+197, 55091, 967, 0, 0, 248, 0, 0, 0, 0, 13421.1, -12163.6, 140.927, 0, 7200, 0, 0, 1, 0, 0, 0, 0, 0, 0),
(@CGUID+198, 57265, 967, 0, 0, 248, 0, 0, 0, 0, 13487.6, -12113.6, 155.414, 4.01426, 7200, 0, 0, 1, 0, 2, 0, 0, 0, 0),
(@CGUID+199, 57852, 967, 0, 0, 248, 0, 0, 0, 0, 13395.8, -12144.9, 161.41, 0, 7200, 0, 0, 1, 0, 0, 0, 0, 0, 0),
(@CGUID+200, 57852, 967, 0, 0, 248, 0, 0, 0, 0, 13503, -12132.3, 170.558, 0, 7200, 0, 0, 1, 0, 0, 0, 0, 0, 0),
(@CGUID+201, 57852, 967, 0, 0, 248, 0, 0, 0, 0, 13494.4, -12142.6, 170.546, 0, 7200, 0, 0, 1, 0, 0, 0, 0, 0, 0),
(@CGUID+202, 57289, 967, 0, 0, 248, 0, 0, 0, 0, -1783.08, -2361.07, 47.3712, 3.85718, 7200, 0, 0, 1, 0, 0, 0, 0, 0, 0),
(@CGUID+203, 57287, 967, 0, 0, 248, 0, 0, 0, 0, -1754.1, -2394.89, 47.3713, 2.6529, 7200, 0, 0, 1, 0, 0, 0, 0, 0, 0),
(@CGUID+204, 57288, 967, 0, 0, 248, 0, 0, 0, 0, -1787.85, -2426.57, 47.3711, 0.663225, 7200, 0, 0, 1, 0, 0, 0, 0, 0, 0),
(@CGUID+205, 56305, 967, 0, 0, 248, 0, 0, 0, 0, -1786.91, -2393.55, 380.35, 0, 7200, 0, 0, 1, 0, 0, 0, 0, 0, 0),
(@CGUID+206, 57379, 967, 0, 0, 248, 0, 0, 0, 0, 13634.4, 13612.1, 126.637, 3.14159, 7200, 0, 0, 1, 0, 0, 0, 0, 0, 0),
(@CGUID+207, 57377, 967, 0, 0, 248, 169, 0, 0, 0, -1815.5, -2408.23, 343.879, 0.471239, 7200, 0, 0, 1, 0, 0, 0, 0, 0, 0),
(@CGUID+208, 56668, 967, 0, 0, 248, 0, 0, 0, 0, -1786.72, -2393.23, 343.603, 0.174533, 7200, 0, 0, 1, 0, 0, 0, 0, 0, 0),
(@CGUID+209, 56666, 967, 0, 0, 248, 0, 0, 0, 0, -1784.79, -2384.86, 341.438, 4.43314, 7200, 0, 0, 1, 0, 0, 0, 0, 0, 0),
(@CGUID+210, 56665, 967, 0, 0, 248, 0, 0, 0, 0, -1779.83, -2392.6, 341.438, 3.21141, 7200, 0, 0, 1, 0, 0, 0, 0, 0, 0),
(@CGUID+211, 56664, 967, 0, 0, 248, 0, 0, 0, 0, -1792.26, -2399.79, 341.438, 0.855211, 7200, 0, 0, 1, 0, 0, 0, 0, 0, 0),
(@CGUID+212, 56667, 967, 0, 0, 248, 0, 0, 0, 0, -1793.59, -2388.05, 341.438, 5.58505, 7200, 0, 0, 1, 0, 0, 0, 0, 0, 0),
(@CGUID+213, 56630, 967, 0, 0, 248, 0, 0, 0, 0, -1782.69, -2400.44, 341.438, 2.14675, 7200, 0, 0, 1, 0, 0, 0, 0, 0, 0);

DELETE FROM `gossip_menu` WHERE `entry` IN (13341,13275,13252);
INSERT INTO `gossip_menu` (`MenuId`, `TextId`) VALUES
(13341, 18904), -- Dragonblight
(13275, 18740), -- Warmaster Blackhorn
(13252, 18698); -- Spine of Deathwing

DELETE FROM `gossip_menu_option` WHERE `MenuId` IN (13341,13275,13252);
INSERT INTO `gossip_menu_option` (`MenuId`, `OptionIndex`, `OptionText`, `OptionBroadcastTextId`, `OptionType` `OptionNpcFlag`) VALUES
(13252, 0, 'JUSTICE AND GLORY!', 56306, 1, 1),
(13275, 0, 'Bring us in closer!', 55394, 1, 1),
(13341, 0, 'We are the Alliance. We are always ready.', 56305, 1, 1),
(13341, 1, 'We are the Horde. We are always ready.', 56311, 1, 1);

DELETE FROM `gossip_menu_option_box` WHERE `MenuId` IN (13252,13275);
INSERT INTO `gossip_menu_option_box` (`MenuId`, `BoxText`, `BoxBroadcastTextId`) VALUES
(13252, 'Do you want to start the encounter?', 57303),
(13275, 'Do you want to start the encounter?', 57303);

DELETE FROM `npc_text` WHERE `ID` IN (18904,18740,18698);
INSERT INTO `npc_text` (`ID`, `Probability0`, `BroadcastTextID0`) VALUES
(18698, 1, 55137),
(18740, 1, 55393),
(18904, 1, 56304);

DELETE FROM `creature_text` WHERE `entry` IN (55870,56427,56598,56781,56922,56923,56587,56855);
INSERT INTO `creature_text` (`CreatureID`, `GroupID`, `ID`, `Text`, `Type`, `Language`, `Probability`, `Emote`, `Duration`, `Sound`, `BroadcastTextId`, `TextRange`, `comment`) VALUES
(55870, 0, 0, 'Welcome aboard the Skyfire.  You ready to chase down the end of the world?', 14, 0, 100, 22, 0, 26302, 56629, 2, 'Sky Captain Swayze to 0'),
(55870, 1, 0, 'All ahead full. Everything depends on our speed! We can\'t let the Destroyer get away.', 14, 0, 100, 0, 0, 26292, 55430, 1, 'Sky Captain Swayze to Player'),
(55870, 2, 0, 'Our engines are damaged!  We\'re sitting ducks up here!', 14, 0, 100, 0, 0, 26303, 56079, 1, 'Sky Captain Swayze to Player'),
(55870, 3, 0, 'All hands to battle stations; get those monsters away from the ship!', 14, 0, 100, 0, 0, 26294, 55431, 1, 'Sky Captain Swayze to Player'),
(55870, 4, 0, 'The Skyfire can\'t take much more of this!', 14, 0, 100, 22, 0, 26297, 55435, 1, 'Sky Captain Swayze to 0'),
(55870, 5, 0, 'We\'re going down. Abandon the ship!', 14, 0, 100, 22, 0, 26298, 55436, 1, 'Sky Captain Swayze to 0'),
(55870, 6, 0, 'Concentrate everything on the armored drake!', 14, 0, 100, 0, 0, 26295, 55433, 1, 'Sky Captain Swayze to Player'),
(55870, 7, 0, 'The plates! He\'s coming apart! Tear up the plates and we\'ve got a shot at bringing him down!', 14, 0, 100, 0, 0, 26290, 56618, 1, 'Sky Captain Swayze to Deathwing'),
(55870, 8, 0, 'Don\'t worry about me. Stop the Destroyer! Enshu-falah-nah, dorini.', 14, 0, 100, 0, 0, 26291, 56619, 1, 'Sky Captain Swayze to Corruption'),
(56427, 0, 0, 'Hah! I was hoping you\'d make it this far. You\'d best be ready for a real fight.', 14, 0, 100, 0, 0, 26214, 0, 1, 'Warmaster Blackhorn to Goriona'),
(56427, 1, 0, 'You won\'t get near the Master. Dragonriders, attack!', 14, 0, 100, 0, 0, 26210, 0, 1, 'Warmaster Blackhorn to Sky Captain Swayze'),
(56427, 2, 0, 'Goriona! Give them hell!', 14, 0, 100, 0, 0, 26219, 0, 1, 'Warmaster Blackhorn to Onslaught Target'),
(56427, 3, 0, 'Looks like I\'m doing this myself. Good!', 14, 0, 100, 0, 0, 26212, 0, 1, 'Warmaster Blackhorn to Goriona'),
(56427, 4, 0, 'How\'s THIS?', 14, 0, 100, 0, 0, 26221, 0, 1, 'Warmaster Blackhorn to Player'),
(56427, 5, 0, 'Mess with the bull....', 14, 0, 100, 0, 0, 26215, 0, 1, 'Warmaster Blackhorn to Player'),
(56427, 5, 1, 'Down you go!', 14, 0, 100, 0, 0, 26217, 0, 1, 'Warmaster Blackhorn to Player'),
(56427, 5, 2, 'Get up! Oh... weakling!', 14, 0, 100, 0, 0, 26218, 0, 1, 'Warmaster Blackhorn to Player'),
(56427, 6, 0, '%s siphons vitality from Goriona and attacks with renewed vigor!', 41, 0, 100, 0, 0, 0, 0, 1, 'Warmaster Blackhorn to 0'),
(56427, 7, 0, 'We\'re flying a little too close. It\'s been a good fight, but I\'m ending it, now.', 14, 0, 100, 0, 0, 26213, 0, 1, 'Warmaster Blackhorn to Player'),
(56427, 8, 0, 'Well... done, heh. But I wonder if you\'re good enough... to best him.', 14, 0, 100, 0, 0, 26211, 0, 1, 'Warmaster Blackhorn to Player'),
(56427, 9, 0, '%s goes into a berserker rage!', 41, 0, 100, 0, 0, 0, 34057, 1, 'Warmaster Blackhorn to Player'),
(56598, 0, 0, '|Tinterface\\icons\\spell_fire_ragnaros_lavabolt.blp:0|tStructural damage to the Skyfire triggers a sudden |cFFFF0000|Hspell:110095|h[Deck Fire]|h|r!', 41, 0, 100, 0, 0, 0, 0, 1, 'The Skyfire to The Skyfire'),
(56781, 0, 0, '|TInterface\\Icons\\spell_fire_twilightflamebreath.blp:20|t%s prepares to unleash a |cFF9900CC|Hspell:106401|h[Twilight Onslaught]|h|r!', 41, 0, 100, 0, 0, 0, 0, 1, 'Goriona to Onslaught Target'),
(56781, 1, 0, '|Tinterface\\icons\\spell_fire_twilightrainoffire.blp:0|t%s fires a |cFF9900CC|Hspell:110153|h[Broadside]|h|r at the Skyfire!', 41, 0, 100, 0, 0, 0, 0, 1, 'Goriona to Goriona'),
(56781, 2, 0, '%s screeches in pain and retreats into the swirling clouds.', 41, 0, 100, 0, 0, 0, 0, 1, 'Goriona to 0'),
(56922, 0, 0, 'A drake swoops down to drop a Twilight Sapper onto the deck!', 41, 0, 100, 0, 0, 0, 0, 1, 'Twilight Infiltrator to Gunship Pursuit Controller'),
(56923, 0, 0, 'An enemy sapper\'s breached the engine room!', 41, 0, 100, 0, 0, 0, 55434, 1, 'Twilight Sapper - Breach'),
(56587, 0, 0, '%s snaps its tether with a mighty effort, breaking free!', 41, 0, 100, 0, 0, 0, 0, 1, 'Twilight Assault Drake'),
(56855, 0, 0, '%s snaps its tether with a mighty effort, breaking free!', 41, 0, 100, 0, 0, 0, 0, 1, 'Twilight Assault Drake');

DELETE FROM `npc_spellclick_spells` WHERE `npc_entry` IN (57266,57377,57379,57882,57378,56587,56855,56922,56923,56781);
INSERT INTO `npc_spellclick_spells` (`npc_entry`, `spell_id`, `cast_flags`, `user_type`) VALUES
(57266, 46598, 0, 0),
(57377, 106094, 1, 0),
(57379, 109835, 1, 0),
(57882, 108202, 1, 0),
(57378, 108263, 1, 0),
(56587, 46598, 0, 0),
(56855, 46598, 0, 0),
(56922, 46598, 0, 0),
(56923, 46598, 0, 0),
(56781, 46598, 0, 0);

DELETE FROM `spell_script_names` WHERE `spell_id` IN 
(106401,107286,107439,107501,107513,
107514,107518,107583,107586,107588,
107589,108010,108038,108039,108041,
108045,108046,109203,109204,109205,
109445,109470,110092,110137,110153,
110157,106085);
INSERT INTO `spell_script_names` (`spell_id`, `ScriptName`) VALUES
(106401, 'spell_goriona_twilight_onslaught'),
(107286, 'spell_blackhorn_twilight_barrage'),
(107439, 'spell_blackhorn_twilight_barrage_aoe'),
(107501, 'spell_blackhorn_twilight_skyfire_barrage'),
(107513, 'spell_blackhorn_change_speed'),
(107514, 'spell_blackhorn_change_speed'),
(107518, 'spell_twilight_sapper_detonate'),
(107583, 'spell_goriona_twilight_blast'),
(107586, 'spell_goriona_call_onslaught'),
(107588, 'spell_goriona_twilight_onslaught_missile'),
(107589, 'spell_goriona_twilight_onslaught_damage'),
(108010, 'spell_skyfire_cannon_artillery'),
(108038, 'spell_blackhorn_harpoon'),
(108039, 'spell_blackhorn_reloading'),
(108041, 'spell_skyfire_cannon_artillery'),
(108045, 'spell_blackhorn_vengeance'),
(108046, 'spell_blackhorn_shockwave_two'),
(109203, 'spell_blackhorn_twilight_barrage_aoe'),
(109204, 'spell_blackhorn_twilight_barrage_aoe'),
(109205, 'spell_blackhorn_twilight_barrage_aoe'),
(109445, 'spell_warmaster_blackhorn_deck_fire'),
(109470, 'spell_warmaster_blackhorn_deck_fire'),
(110092, 'spell_deck_fire_damage_periodic'),
(110137, 'spell_blackhorn_shockwave'),
(110153, 'spell_goriona_broadside'),
(110157, 'spell_goriona_broadside_damage'),
(106085, 'spell_play_movie_deathwing_2');

DELETE FROM `spell_target_position` WHERE `MapID`=967;
INSERT INTO `spell_target_position` (`ID`, `EffectIndex`, `MapID`, `PositionX`, `PositionY`, `PositionZ`, `VerifiedBuild`) VALUES
(109984, 1, 967, -13855, -13655.7, 265.754, 0),
(108449, 0, 967, -12094.6, 12164.3, -2.7352, 0),
(106054, 0, 967, -13850.6, -13664.1, 296.352, 0),
(108202, 0, 967, -1797.93, -2394.59, 45.6201, 0),
(109835, 0, 967, -1804.57, -2395.07, 341.355, 0),
(106090, 0, 967, -12090.2, 12157.4, -2.73509, 0),
(106094, 0, 967, 13622.8, 13612, 123.487, 0),
(108263, 0, 967, 13456.6, -12133.8, 151.168, 0),
(108537, 0, 967, -12128.3, 12253.8, 0.0450132, 0),
(108774, 0, 967, -1771.21, -3039.36, 155.61, 0),
(108764, 0, 967, -1758.8, -1919.16, 130.406, 0),
(109833, 0, 967, -1739.17, -2388.63, 340.843, 0),
(110063, 0, 967, -12061.8, 12188, 10.2966, 0),
(110661, 0, 967, -12085.3, 12159.2, -2.7348, 0),
(110662, 0, 967, -12032.5, 12216.1, -6.15044, 0),
(110758, 1, 967, -12094.6, 12164.3, -2.73522, 0),
(113025, 0, 967, -11975, 12259.4, -13, 0),
(113167, 0, 967, -12020, 12243, -20, 0),
(113168, 0, 967, -12060, 12208.9, -20, 0),
(113169, 0, 967, -12080, 12180, -18, 0),
(113170, 0, 967, -12110, 12143, -17, 0),
(113171, 0, 967, -12105, 12099.7, -12, 0),
(105777, 0, 967, -13875, -13769.6, 285.178, 0),
(106999, 0, 967, -12100.5, 12173.6, -2.73425, 0),
(110105, 0, 967, -12100.5, 12173.6, -2.73425, 0),
(110106, 0, 967, -12100.5, 12173.6, -2.73425, 0),
(110107, 0, 967, -12100.5, 12173.6, -2.73425, 0),
(106058, 0, 967, -13850.6, -13664.1, 296.352, 0),
(108584, 0, 967, -1762.82, -2390.75, 52, 0),
(108651, 0, 967, -1793.88, -2372.94, 49.7794, 0),
(108652, 0, 967, -1793.88, -2372.94, 49.7794, 0);

DELETE FROM `vehicle_template_accessory` WHERE `entry` IN (57266,56781,56587,56855,56923,57915,56922);
INSERT INTO `vehicle_template_accessory` (`entry`, `accessory_entry`, `seat_id`, `minion`, `description`, `summontype`, `summontimer`) VALUES
(57266, 56694, 0, 0, 'Thrall - The Dragon Soul', 8, 0),
(56781, 56427, 0, 0, 'Goriona - Warmaster Blackhorn', 8, 0),
(56587, 56848, 0, 0, 'Twilight Assault Drake - Twilight Elite Slayer', 8, 0),
(56855, 56854, 0, 0, 'Twilight Assault Drake - Twilight Elite Dreadblade', 8, 0),
(56923, 57470, 0, 0, 'Twilight Sapper - Dynamite Bundle', 8, 0),
(56923, 57470, 1, 0, 'Twilight Sapper - Dynamite Bundle', 8, 0),
(57915, 56694, 1, 0, 'Thrall - The Dragon Soul', 8, 0),
(56922, 56923, 0, 0, 'Twilight Infiltrator - Twilight Sapper', 8, 0);